content_id,title,synopsis
p0f2cxpr,Blue Lights,"For police officers in Belfast, the pressure is immense. Facing criminal gangs and divided communities, they don't know who to trust. Gritty, BAFTA-winning drama."
m000vbrk,Bluey,"Bluey follows the adventures of a lovable and inexhaustible six-year-old Blue Heeler puppy who lives with her dad, mum and four-year-old little sister, Bingo."
b006m86d,Eastenders,"Welcome to Walford, E20."
b006mw1h,Gardeners' World,"Head to Longmeadow with Monty and the team. Packed with good ideas, tips, advice and inspiration to get the most out of your garden, whatever its size."
m002rwh0,Ice Road Truckers,"Extreme truckers with nerves of steel face deadly ice roads to deliver vital loads to remote Arctic locations. From frozen swamps to glacial terrain, this is no ordinary delivery."
b0070m7p,In the Night Garden,"As the day fades and the stars come out, visit the magical Night Garden and spend time with a lovely group of toys who are learning all about sharing, caring and having fun."
m0022wvz,Ludwig,Can accidental detective John 'Ludwig' Taylor crack the biggest puzzle of his life - finding his missing brother? Cryptic comedy drama with David Mitchell and Anna Maxwell Martin.
b007t9y1,Match of the Day,"The world's most famous football show, with the big names and the big games from the Premier League."
p0pdcf7q,Planet Earth,"David Attenborough celebrates the amazing variety of the natural world in this epic documentary series, filmed over four years across 64 different countries."
b00rhg2r,Pointless,Quiz in which contestants try to score as few points as possible by plumbing the depths of their general knowledge to come up with the answers no-one else can think of
b006t1q9,Question Time,"Fiona Bruce presents an hour of debate from Tottenham in north London, with politicians, commentators and members of the public."
p0d5z0xy,SAS Rogue Heroes,"Who dares wins. The adrenaline-fuelled origins of the fearless, reckless Special Forces unit, its legend forged among the mayhem of WWII. By Peaky Blinders creator Steven Knight."
b006m8dq,Strictly Come Dancing,"Dazzling routines, outrageous sets, flamboyant costumes and the occasional dance dis-aaa-ster."
b0071b63,The Apprentice,Boardrooms and bust-ups in Britain's toughest job interview. Who's all talk and who can deliver?
b006xnzc,The Graham Norton Show,"Graham Norton welcomes the biggest stars of film, TV and music on to his sofa for chat, performances and comedy."
p0fty7vj,The Night Manager,"In his quest to do the right thing, he must become a criminal himself. Tom Hiddleston, Hugh Laurie and Olivia Colman in a tense, stylish thriller from spy master John Le Carré."
b007tcw7,The One Show,"The stories that have got Britain talking, and the world's biggest stars on the famous green sofa."
p0db9b2t,The Traitors,"Get them before they get you. 22 people, one castle, £120k - Claudia Winkleman hosts the ultimate reality game of trust and treachery. Let the mind games begin."
b006t1p7,Waterloo Road,"Affairs, scandals, blackmail and many, many headteachers. Who said education was easy? The original and new series together."
m0005bky,What We Do in the Shadows,"Bickering undead housemates, living the vampire life in suburban Staten Island. There's blood, death and arguing over chores. With Matt Berry, Kayvan Novak and Natasia Demetriou."
